{"cameraMode":{"drawMode":0,"name":"Shaded","section":"Shading Mode"},"sceneLighting":false,"audioPlay":false,"sceneViewState":{"m_AlwaysRefresh":true,"showFog":true,"showSkybox":false,"showFlares":true,"showImageEffects":true,"showParticleSystems":true,"showVisualEffectGraphs":true,"m_FxEnabled":true},"in2DMode":false,"pivot":{"x":0.010241162031888962,"y":1.8475942611694337,"z":7.896550178527832},"rotation":{"x":0.021293483674526216,"y":0.016677090898156167,"z":0.00021336718054953963,"w":0.9987325668334961},"size":2.559997081756592,"orthographic":false}