{"cameraMode":{"drawMode":0,"name":"Shaded","section":"Shading Mode"},"sceneLighting":false,"audioPlay":false,"sceneViewState":{"m_AlwaysRefresh":true,"showFog":true,"showSkybox":false,"showFlares":true,"showImageEffects":true,"showParticleSystems":true,"showVisualEffectGraphs":true,"m_FxEnabled":true},"in2DMode":false,"pivot":{"x":44.73295974731445,"y":-224.96324157714845,"z":219.08436584472657},"rotation":{"x":-0.02584395930171013,"y":-0.9352408647537231,"z":0.06420756131410599,"w":-0.34428831934928896},"size":1.937628984451294,"orthographic":false}