{"cameraMode":{"drawMode":0,"name":"Shaded","section":"Shading Mode"},"sceneLighting":false,"audioPlay":false,"sceneViewState":{"m_AlwaysRefresh":true,"showFog":true,"showSkybox":false,"showFlares":true,"showImageEffects":true,"showParticleSystems":true,"showVisualEffectGraphs":true,"m_FxEnabled":true},"in2DMode":false,"pivot":{"x":43.035640716552737,"y":-222.41481018066407,"z":221.01165771484376},"rotation":{"x":-0.024255534633994104,"y":-0.9245750904083252,"z":0.37376123666763308,"w":-0.053596995770931247},"size":1.937628984451294,"orthographic":false}