{"cameraMode":{"drawMode":0,"name":"Shaded","section":"Shading Mode"},"sceneLighting":false,"audioPlay":false,"sceneViewState":{"m_AlwaysRefresh":false,"showFog":true,"showSkybox":false,"showFlares":true,"showImageEffects":true,"showParticleSystems":true,"showVisualEffectGraphs":true,"m_FxEnabled":false},"in2DMode":false,"pivot":{"x":0.8701728582382202,"y":1.4744247198104859,"z":0.030156444758176805},"rotation":{"x":0.057549647986888888,"y":0.9107202291488648,"z":-0.1381416618824005,"w":0.383297860622406},"size":0.8660253882408142,"orthographic":false}