{"cameraMode":{"drawMode":0,"name":"Shaded","section":"Shading Mode"},"sceneLighting":false,"audioPlay":false,"sceneViewState":{"m_AlwaysRefresh":false,"showFog":true,"showSkybox":false,"showFlares":true,"showImageEffects":true,"showParticleSystems":true,"showVisualEffectGraphs":true,"m_FxEnabled":false},"in2DMode":false,"pivot":{"x":0.6370000243186951,"y":1.0049998760223389,"z":0.3362273871898651},"rotation":{"x":0.16085267066955567,"y":-0.32803723216056826,"z":0.056156057864427569,"w":0.9285410642623901},"size":0.45778417587280276,"orthographic":false}