{"cameraMode":{"drawMode":0,"name":"Shaded","section":"Shading Mode"},"sceneLighting":true,"audioPlay":false,"sceneViewState":{"m_AlwaysRefresh":true,"showFog":true,"showSkybox":false,"showFlares":true,"showImageEffects":true,"showParticleSystems":true,"showVisualEffectGraphs":true,"m_FxEnabled":true},"in2DMode":false,"pivot":{"x":-371.65106201171877,"y":109.07518005371094,"z":-10.619542121887207},"rotation":{"x":-0.26422610878944399,"y":-0.4509941041469574,"z":0.14706870913505555,"w":-0.8373894095420837},"size":10.172816276550293,"orthographic":false}