{"cameraMode":{"drawMode":0,"name":"Shaded","section":"Shading Mode"},"sceneLighting":true,"audioPlay":false,"sceneViewState":{"m_AlwaysRefresh":true,"showFog":true,"showSkybox":false,"showFlares":true,"showImageEffects":true,"showParticleSystems":true,"showVisualEffectGraphs":true,"m_FxEnabled":true},"in2DMode":false,"pivot":{"x":18.929269790649415,"y":-16.69390296936035,"z":63.149112701416019},"rotation":{"x":-0.13740165531635285,"y":-0.09285188466310501,"z":0.009628760628402233,"w":-0.9848940968513489},"size":38.4254035949707,"orthographic":false}