{"cameraMode":{"drawMode":0,"name":"Shaded","section":"Shading Mode"},"sceneLighting":true,"audioPlay":false,"sceneViewState":{"m_AlwaysRefresh":true,"showFog":true,"showSkybox":false,"showFlares":true,"showImageEffects":true,"showParticleSystems":true,"showVisualEffectGraphs":true,"m_FxEnabled":false},"in2DMode":false,"pivot":{"x":3.7329013347625734,"y":0.9084085822105408,"z":2.872222900390625},"rotation":{"x":0.09708572179079056,"y":0.15955962240695954,"z":-0.010560278780758381,"w":0.9810104370117188},"size":0.000017320508050033823,"orthographic":false}