{"cameraMode":{"drawMode":0,"name":"Shaded","section":"Shading Mode"},"sceneLighting":true,"audioPlay":false,"sceneViewState":{"m_AlwaysRefresh":true,"showFog":true,"showSkybox":false,"showFlares":true,"showImageEffects":true,"showParticleSystems":true,"showVisualEffectGraphs":true,"m_FxEnabled":true},"in2DMode":false,"pivot":{"x":-377.2181396484375,"y":111.35456085205078,"z":-35.71604919433594},"rotation":{"x":-0.05160196125507355,"y":-0.9419674873352051,"z":0.23339013755321504,"w":-0.22721484303474427},"size":10.172816276550293,"orthographic":false}