{"cameraMode":{"drawMode":0,"name":"Shaded","section":"Shading Mode"},"sceneLighting":true,"audioPlay":false,"sceneViewState":{"m_AlwaysRefresh":true,"showFog":true,"showSkybox":false,"showFlares":true,"showImageEffects":true,"showParticleSystems":true,"showVisualEffectGraphs":true,"m_FxEnabled":true},"in2DMode":false,"pivot":{"x":10.54995059967041,"y":-135.3933563232422,"z":51.78539276123047},"rotation":{"x":-0.4706086218357086,"y":0.027418971061706544,"z":-0.015634220093488694,"w":-0.8806465268135071},"size":182.58168029785157,"orthographic":false}