{"cameraMode":{"drawMode":0,"name":"Shaded","section":"Shading Mode"},"sceneLighting":true,"audioPlay":false,"sceneViewState":{"m_AlwaysRefresh":false,"showFog":true,"showSkybox":false,"showFlares":true,"showImageEffects":true,"showParticleSystems":true,"showVisualEffectGraphs":true,"m_FxEnabled":false},"in2DMode":false,"pivot":{"x":-10.052542686462403,"y":61.51447677612305,"z":-47.655277252197269},"rotation":{"x":0.20717385411262513,"y":-0.0020711615215986969,"z":-0.00019528204575181007,"w":0.9776992797851563},"size":70.71067810058594,"orthographic":false}