{"cameraMode":{"drawMode":0,"name":"Shaded","section":"Shading Mode"},"sceneLighting":true,"audioPlay":false,"sceneViewState":{"m_AlwaysRefresh":true,"showFog":true,"showSkybox":false,"showFlares":true,"showImageEffects":true,"showParticleSystems":true,"showVisualEffectGraphs":true,"m_FxEnabled":false},"in2DMode":false,"pivot":{"x":-48.81168746948242,"y":21.895042419433595,"z":-76.01631927490235},"rotation":{"x":0.18946810066699983,"y":0.03210064023733139,"z":-0.000837388914078474,"w":0.9800123572349548},"size":1.937628984451294,"orthographic":false}