{"cameraMode":{"drawMode":0,"name":"Shaded","section":"Shading Mode"},"sceneLighting":true,"audioPlay":false,"sceneViewState":{"m_AlwaysRefresh":true,"showFog":true,"showSkybox":false,"showFlares":true,"showImageEffects":true,"showParticleSystems":true,"showVisualEffectGraphs":true,"m_FxEnabled":true},"in2DMode":false,"pivot":{"x":3.8875794410705568,"y":1.7450834512710572,"z":-9.382865905761719},"rotation":{"x":0.28398215770721438,"y":0.004749279003590345,"z":0.0045856935903429989,"w":0.9574903845787048},"size":1.1378083229064942,"orthographic":false}