{"cameraMode":{"drawMode":0,"name":"Shaded","section":"Shading Mode"},"sceneLighting":false,"audioPlay":false,"sceneViewState":{"m_AlwaysRefresh":false,"showFog":true,"showSkybox":false,"showFlares":true,"showImageEffects":true,"showParticleSystems":true,"showVisualEffectGraphs":true,"m_FxEnabled":false},"in2DMode":false,"pivot":{"x":0.2937513291835785,"y":-0.37183132767677309,"z":2.5512287616729738},"rotation":{"x":0.1307857781648636,"y":-0.5983571410179138,"z":0.09985027462244034,"w":0.7840518951416016},"size":2.9660251140594484,"orthographic":false}