{"cameraMode":{"drawMode":0,"name":"Shaded","section":"Shading Mode"},"sceneLighting":true,"audioPlay":false,"sceneViewState":{"m_AlwaysRefresh":true,"showFog":true,"showSkybox":false,"showFlares":true,"showImageEffects":true,"showParticleSystems":true,"showVisualEffectGraphs":true,"m_FxEnabled":true},"in2DMode":false,"pivot":{"x":4.724286079406738,"y":-3.2774720191955568,"z":-6.755776405334473},"rotation":{"x":0.33823907375335696,"y":0.08068451285362244,"z":-0.02813350036740303,"w":0.9356143474578857},"size":60.348289489746097,"orthographic":false}