{"cameraMode":{"drawMode":0,"name":"Shaded","section":"Shading Mode"},"sceneLighting":false,"audioPlay":false,"sceneViewState":{"m_AlwaysRefresh":true,"showFog":true,"showSkybox":false,"showFlares":true,"showImageEffects":true,"showParticleSystems":true,"showVisualEffectGraphs":true,"m_FxEnabled":true},"in2DMode":false,"pivot":{"x":3.058378219604492,"y":0.6919835805892944,"z":13.619051933288575},"rotation":{"x":-0.017682986333966256,"y":-0.9644653797149658,"z":0.2545612156391144,"w":-0.04743894189596176},"size":0.8660253882408142,"orthographic":false}