{"cameraMode":{"drawMode":0,"name":"Shaded","section":"Shading Mode"},"sceneLighting":false,"audioPlay":false,"sceneViewState":{"m_AlwaysRefresh":true,"showFog":true,"showSkybox":false,"showFlares":true,"showImageEffects":true,"showParticleSystems":true,"showVisualEffectGraphs":true,"m_FxEnabled":true},"in2DMode":false,"pivot":{"x":-10.818740844726563,"y":1.6350021362304688,"z":-10.560028076171875},"rotation":{"x":-0.04594355821609497,"y":-0.8689883351325989,"z":0.48447585105895998,"w":-0.07760310918092728},"size":13.06871223449707,"orthographic":false}