{"cameraMode":{"drawMode":0,"name":"Shaded","section":"Shading Mode"},"sceneLighting":false,"audioPlay":false,"sceneViewState":{"m_AlwaysRefresh":true,"showFog":true,"showSkybox":false,"showFlares":true,"showImageEffects":true,"showParticleSystems":true,"showVisualEffectGraphs":true,"m_FxEnabled":true},"in2DMode":false,"pivot":{"x":4.235653877258301,"y":3.2896792888641359,"z":3.8530945777893068},"rotation":{"x":0.1651485562324524,"y":0.1263590008020401,"z":-0.015840603038668634,"w":0.9767171144485474},"size":1.807237982749939,"orthographic":false}