{"cameraMode":{"drawMode":0,"name":"Shaded","section":"Shading Mode"},"sceneLighting":false,"audioPlay":false,"sceneViewState":{"m_AlwaysRefresh":true,"showFog":true,"showSkybox":false,"showFlares":true,"showImageEffects":true,"showParticleSystems":true,"showVisualEffectGraphs":true,"m_FxEnabled":true},"in2DMode":false,"pivot":{"x":0.9133478403091431,"y":1.3809717893600464,"z":-2.306581974029541},"rotation":{"x":-0.0016754803946241737,"y":-0.9908351898193359,"z":-0.0029268828220665457,"w":-0.12740395963191987},"size":2.1591503620147707,"orthographic":false}