{"cameraMode":{"drawMode":0,"name":"Shaded","section":"Shading Mode"},"sceneLighting":false,"audioPlay":false,"sceneViewState":{"m_AlwaysRefresh":false,"showFog":true,"showSkybox":false,"showFlares":true,"showImageEffects":true,"showParticleSystems":true,"showVisualEffectGraphs":true,"m_FxEnabled":false},"in2DMode":false,"pivot":{"x":2.653351306915283,"y":1.754745364189148,"z":-0.05365723371505737},"rotation":{"x":0.13065940141677857,"y":-0.45306679606437685,"z":0.06668320298194885,"w":0.8786563277244568},"size":0.15096108615398408,"orthographic":false}