{"cameraMode":{"drawMode":0,"name":"Shaded","section":"Shading Mode"},"sceneLighting":false,"audioPlay":false,"sceneViewState":{"m_AlwaysRefresh":false,"showFog":true,"showSkybox":false,"showFlares":true,"showImageEffects":true,"showParticleSystems":true,"showVisualEffectGraphs":true,"m_FxEnabled":false},"in2DMode":false,"pivot":{"x":3.087186574935913,"y":1.0541633367538453,"z":0.08038708567619324},"rotation":{"x":0.24415409564971925,"y":0.13257090747356416,"z":-0.03457668423652649,"w":0.9593973755836487},"size":1.0490388870239258,"orthographic":false}