{"cameraMode":{"drawMode":0,"name":"Shaded","section":"Shading Mode"},"sceneLighting":false,"audioPlay":false,"sceneViewState":{"m_AlwaysRefresh":true,"showFog":true,"showSkybox":false,"showFlares":true,"showImageEffects":true,"showParticleSystems":true,"showVisualEffectGraphs":true,"m_FxEnabled":true},"in2DMode":false,"pivot":{"x":40.743431091308597,"y":226.44017028808595,"z":-47.254730224609378},"rotation":{"x":0.08820781111717224,"y":-0.8865088224411011,"z":0.4063623249530792,"w":0.19792209565639497},"size":0.6535314321517944,"orthographic":false}