{"cameraMode":{"drawMode":0,"name":"Shaded","section":"Shading Mode"},"sceneLighting":false,"audioPlay":false,"sceneViewState":{"m_AlwaysRefresh":true,"showFog":true,"showSkybox":false,"showFlares":true,"showImageEffects":true,"showParticleSystems":true,"showVisualEffectGraphs":true,"m_FxEnabled":true},"in2DMode":false,"pivot":{"x":42.196136474609378,"y":225.31581115722657,"z":-46.134151458740237},"rotation":{"x":0.07826497405767441,"y":-0.9172210693359375,"z":0.2489752620458603,"w":0.2976182699203491},"size":0.6535314321517944,"orthographic":false}