{"cameraMode":{"drawMode":0,"name":"Shaded","section":"Shading Mode"},"sceneLighting":false,"audioPlay":false,"sceneViewState":{"m_AlwaysRefresh":true,"showFog":true,"showSkybox":false,"showFlares":true,"showImageEffects":true,"showParticleSystems":true,"showVisualEffectGraphs":true,"m_FxEnabled":true},"in2DMode":false,"pivot":{"x":64.85357666015625,"y":251.71279907226563,"z":-13.048568725585938},"rotation":{"x":0.010675186291337014,"y":-0.9322338700294495,"z":0.03634706512093544,"w":0.3570387065410614},"size":0.6535314321517944,"orthographic":false}