{"cameraMode":{"drawMode":0,"name":"Shaded","section":"Shading Mode"},"sceneLighting":false,"audioPlay":false,"sceneViewState":{"m_AlwaysRefresh":true,"showFog":true,"showSkybox":false,"showFlares":true,"showImageEffects":true,"showParticleSystems":true,"showVisualEffectGraphs":true,"m_FxEnabled":true},"in2DMode":false,"pivot":{"x":7.524447441101074,"y":1.3868547677993775,"z":2.969231605529785},"rotation":{"x":-0.010083362460136414,"y":0.9811540842056274,"z":-0.1655784696340561,"w":-0.08592957258224487},"size":0.9454573392868042,"orthographic":false}