{"cameraMode":{"drawMode":0,"name":"Shaded","section":"Shading Mode"},"sceneLighting":false,"audioPlay":false,"sceneViewState":{"m_AlwaysRefresh":true,"showFog":true,"showSkybox":false,"showFlares":true,"showImageEffects":true,"showParticleSystems":true,"showVisualEffectGraphs":true,"m_FxEnabled":true},"in2DMode":false,"pivot":{"x":27.124263763427736,"y":17.52271270751953,"z":-20.689908981323243},"rotation":{"x":0.04367534816265106,"y":-0.8700509667396545,"z":-0.08151119947433472,"w":-0.48212772607803347},"size":21.81462287902832,"orthographic":false}