{"cameraMode":{"drawMode":0,"name":"Shaded","section":"Shading Mode"},"sceneLighting":false,"audioPlay":false,"sceneViewState":{"m_AlwaysRefresh":true,"showFog":true,"showSkybox":false,"showFlares":true,"showImageEffects":true,"showParticleSystems":true,"showVisualEffectGraphs":true,"m_FxEnabled":true},"in2DMode":false,"pivot":{"x":25.859989166259767,"y":11.950750350952149,"z":-23.757863998413087},"rotation":{"x":0.011460826732218266,"y":-0.8910242915153503,"z":-0.0257602259516716,"w":-0.45085421204566958},"size":21.81462287902832,"orthographic":false}