{"cameraMode":{"drawMode":0,"name":"Shaded","section":"Shading Mode"},"sceneLighting":false,"audioPlay":false,"sceneViewState":{"m_AlwaysRefresh":true,"showFog":true,"showSkybox":false,"showFlares":true,"showImageEffects":true,"showParticleSystems":true,"showVisualEffectGraphs":true,"m_FxEnabled":true},"in2DMode":false,"pivot":{"x":14.309014320373536,"y":14.26208209991455,"z":27.825454711914064},"rotation":{"x":0.029256828129291536,"y":-0.12387508153915405,"z":-0.005050586070865393,"w":-0.9908429384231567},"size":21.81462287902832,"orthographic":false}